{"cameraMode":{"drawMode":0,"name":"Shaded","section":"Shading Mode"},"sceneLighting":true,"audioPlay":false,"sceneViewState":{"m_AlwaysRefresh":false,"showFog":true,"showSkybox":true,"showFlares":true,"showImageEffects":true,"showParticleSystems":true,"showVisualEffectGraphs":true,"m_FxEnabled":true},"in2DMode":false,"pivot":{"x":-1.6472926139831544,"y":-2.0273523330688478,"z":0.053741663694381717},"rotation":{"x":0.152727872133255,"y":-0.6737961173057556,"z":0.14530335366725923,"w":0.7082127332687378},"size":3.3397295475006105,"orthographic":false}